ADR,Architectural Decision Records
AFAIK,as far as I know
AKA,also know as
AMQP,Advanced Message Queuing Protocol
APM,Application Performance Management
ASAP,as soon as possible
BBL,Be back later
BD,Business Development
BDD,BehaviorDriven Development
BFN,Bye for now
BTW,By the way
BU,Business Unit
BVT,build verification test
CAP,Consistency
CDS,Clinical decision support
CHW,Community Health Worker
CICD,Continuous IntegrationContinunous Delivery
CK,Clinical Key
CMK,Customer Master Key
CORS,Crossorigin resource sharing
CP,Clinical path
CSRF,Crosssite request forgery
CRLF,carriage returnline feed
DIY,Do it yourself
DOA,Dead On Arrival
DOI,Document Object Identifier
DOT,Data Transfer Object
DRY,Dont repeat yourself
EC2,Elastic Compute Cloud
ECS,Elastic Container Service
EKS,Elastic Kubernetes Service
ETA,Estimated Time of Arrival
FAQ,Frequently Asked Questions
FTA,Full text access
FYI,for your information
GMV,Gross Merchandise Volume
HCM,Health  Commercial Markets
HTTP,Hyper Text Transport Protocol
IAM,Identify and Access Management
ID,Identification
IIRC,If I remember correctly
IQ,Intelligence Quotient
IMO,in my opinion
JMS,Java message service
KMS,Key Management Service
LGTM,Look Good To Me
LTD,limited
LTS,Long Term Support
LOL,Laughing out loud
MAU,monthly activated users
MP,miniprogram
MVC,Model
MVP,minimum Viable Product
NPE,Null pointer Exception
NP,No problem
NVM,never mind
OA,open access
OOM,Out of memory
OOO,Out of Office
OOP,Object Oriented Programmingm
ORM,Object relational mapping
PECS,Producer Extends Consumer Super
PPLC,Product  Platform Life Cycle
PST,Pacific Standard Time
PTO,Paid Time Off
RDS,Relational Database Service
RSS,Research Solution Sales
SD,Science Direct
SUTD,Stay Up To Date
STMJ,Science Technology Medical Journal
TMT,Tencent Machine Translation
TPR,Technology Project Review
QA,Quality Assurance
QQ,Quick question
RCP,Recommended Content Provider
RIP,rest in peace
SOA,Service Oriented Architecture
SOAP,Simple Object Access Protocol
SPA,Single page Application
SSO,Single signon
SSM,Simple System Management
STMJ,Science Technology Medical Journal
SUDO,SuperUser Do
TBA,To Be Announced
TBD,To be determined
TCs,Terms and Conditions
TGIF,Thank God its Friday
TLA,threeletter abbreviation
TLDR,too long didnt read
TTL,Time to live
URL,Uniform Resource Locator
WFH,Working from home
WIP,Work In Progress
WTF,What the fuck
WTG,Way to go
WYSIWYG,what you see is what you get